{"z": [0, -0.59930419921875, -0.6087493896484375, -0.6735076904296875, -0.7184906005859375, -0.267578125, -0.3072052001953125, -0.76580810546875, -1.140167236328125, -1.538742065429688, -0.8093719482421875, -0.28948974609375, 0.4123992919921875, 0.01580810546875, -0.2365570068359375, -0.938018798828125, -1.2755126953125, -1.54351806640625, -0.9230804443359375, 0.0063018798828125, 0.56298828125, 0.4118194580078125, -0.0283203125, -1.365509033203125, -1.180221557617188, -1.225494384765625, -1.190521240234375, -0.5126190185546875, 0.200836181640625, 0.111663818359375, -0.203033447265625, -1.144561767578125, -1.141021728515625, -1.081405639648438, -0.8636016845703125, -0.55841064453125, -0.0941925048828125, -0.079254150390625, -0.6152801513671875, -0.9251251220703125, -0.93267822265625, -0.8319549560546875, -0.816375732421875, -0.799041748046875, -0.4884033203125, -0.4762115478515625, -0.6741180419921875, -0.583953857421875, -0.6238555908203125, -0.4520263671875], "x": [0, 0.1670379638671875, 0.1721954345703125, 0.2686309814453125, 0.6921234130859375, 0.6644287109375, 0.0188751220703125, -0.3200225830078125, -0.5514984130859375, -1.068115234375, 0.052001953125, 1.501678466796875, 1.266525268554688, 0.554351806640625, 0.2415771484375, -0.613037109375, -0.855316162109375, -0.700836181640625, -0.128448486328125, 1.651702880859375, 1.164993286132812, 0.81512451171875, 0.1842498779296875, -0.725433349609375, -0.779052734375, -0.8538818359375, 0.243072509765625, 1.85662841796875, 1.041534423828125, 0.6727752685546875, -0.181976318359375, -0.6957855224609375, -0.908782958984375, -0.9568023681640625, 0.1092987060546875, 1.086746215820312, 1.309188842773438, 0.3973236083984375, -0.1799163818359375, -0.4047698974609375, -0.7167510986328125, -0.6056976318359375, -0.227142333984375, 0.21038818359375, 0.2977142333984375, 0.3076629638671875, 0.1798553466796875, 0.175506591796875, 0.1076507568359375, 0.0992279052734375], "y": [0, -0.7731170654296875, -0.7669830322265625, -0.78955078125, -0.94171142578125, -0.9300689697265625, -0.448211669921875, -0.1030426025390625, 0.1554107666015625, 0.378173828125, 0.1842193603515625, -0.907806396484375, -1.026092529296875, -0.8331298828125, -0.38983154296875, 0.4000091552734375, 0.7834625244140625, 0.599945068359375, 0.2975006103515625, -0.789794921875, -0.9850311279296875, -1.008697509765625, -0.462799072265625, 0.84832763671875, 0.8517913818359375, 0.5762176513671875, 0.302825927734375, -0.65435791015625, -1.007171630859375, -0.9871673583984375, -0.101287841796875, 0.564483642578125, 0.6480560302734375, 0.3487701416015625, 0.004730224609375, -0.6377716064453125, -1.087265014648438, -0.8486480712890625, -0.500396728515625, -0.3592071533203125, -0.2369537353515625, -0.3612823486328125, -0.5227203369140625, -0.669219970703125, -0.8262176513671875, -0.83746337890625, -0.765533447265625, -0.7824249267578125, -0.75921630859375, -0.7783355712890625], "user": ["Defaut user"]}