{"z": [0, -0.648284912109375, -0.63323974609375, -0.6524658203125, -0.6495513916015625, -0.64178466796875, -0.761383056640625, -0.6451416015625, -0.4798736572265625, -0.5937347412109375, -0.7353973388671875, -0.525848388671875, -0.5952606201171875, -0.883758544921875, -1.00775146484375, -1.590652465820312, -1.505279541015625, -1.383041381835938, -0.2349090576171875, 1.223220825195312, 0.97100830078125, 0.6283416748046875, -0.7793121337890625, -1.500732421875, -1.333343505859375, -1.564041137695312, -0.5973052978515625, 1.12066650390625, 0.9857635498046875, 0.4108734130859375, -1.520431518554688, -1.912445068359375, -1.928817749023438, -1.1209716796875, -0.18511962890625, 1.181106567382812, 1.28271484375, -0.0270843505859375, -2.736190795898438, -1.073898315429688, -0.7506866455078125, -0.13885498046875, -0.3982086181640625, -0.66082763671875, -0.919158935546875, -0.5057373046875, -0.5570068359375, -0.6776123046875, -0.6355438232421875, -0.593597412109375, -0.6629486083984375, -0.646759033203125, -0.6228790283203125, -0.6717681884765625, -0.7077178955078125, -0.6303863525390625, -0.643035888671875, -0.522705078125], "x": [0, 0.183837890625, 0.1781463623046875, 0.175079345703125, 0.1745758056640625, 0.1706390380859375, 0.198638916015625, 0.7576751708984375, 0.6873931884765625, 0.197265625, -0.312042236328125, -1.189193725585938, -0.4595947265625, 0.95587158203125, 1.376327514648438, 1.802810668945312, 2.028610229492188, 0.50250244140625, -0.0555877685546875, -0.725189208984375, -0.597381591796875, -0.3510284423828125, 0.9583282470703125, 1.010757446289062, 0.9393768310546875, 0.541748046875, -0.0332489013671875, -0.9582977294921875, -0.7735137939453125, -0.372833251953125, 1.0390625, 0.9236602783203125, 0.86273193359375, 0.207489013671875, -0.2030487060546875, -0.5522613525390625, -0.37933349609375, 0.0473175048828125, 0.6299591064453125, 0.2501220703125, 0.1269073486328125, -0.0032501220703125, 0.059173583984375, 0.1918182373046875, 0.204315185546875, 0.1046142578125, 0.1006927490234375, 0.1064605712890625, 0.11090087890625, 0.1309051513671875, 0.114898681640625, 0.0989837646484375, 0.106414794921875, 0.099090576171875, 0.108795166015625, 0.115234375, 0.10870361328125, 0.0431976318359375], "y": [0, -0.743896484375, -0.74176025390625, -0.74365234375, -0.7436676025390625, -0.7432098388671875, -0.812286376953125, -1.0291748046875, -0.8632354736328125, -0.568939208984375, 0.0427093505859375, 0.399749755859375, 0.5244598388671875, 0.197479248046875, 0.061676025390625, -0.3076934814453125, -0.4830169677734375, 0.3587188720703125, 0.447021484375, 0.238525390625, -0.177978515625, -0.173797607421875, 0.585174560546875, -0.0474395751953125, -0.696136474609375, -0.137176513671875, -0.005859375, 0.0241546630859375, -0.18072509765625, -0.1721343994140625, 0.490692138671875, -0.3076629638671875, -0.4923248291015625, -0.05035400390625, -0.0921173095703125, -0.2881317138671875, -0.3430938720703125, 0.1094207763671875, 0.0953521728515625, -0.69970703125, -0.6016998291015625, -0.6266021728515625, -0.761505126953125, -0.851898193359375, -0.8061370849609375, -0.7788848876953125, -0.74139404296875, -0.766845703125, -0.7769775390625, -0.757568359375, -0.73931884765625, -0.7567138671875, -0.7504425048828125, -0.73956298828125, -0.7440643310546875, -0.757965087890625, -0.7437896728515625, -0.7218475341796875], "user": ["Defaut user"]}