{"z": [0, -0.6173095703125, -0.583526611328125, -0.585174560546875, -0.5856781005859375, -0.621429443359375, -0.588287353515625, -0.579681396484375, -0.64544677734375, -0.5950164794921875, -0.527496337890625, -0.802398681640625, -0.390777587890625, -0.5575714111328125, -0.3407745361328125, -0.412872314453125, -0.072296142578125, -0.4464874267578125, -0.8250885009765625, -0.7121429443359375, -0.441558837890625, -0.215118408203125, -0.2562255859375, -0.947265625, -0.601470947265625, -0.11065673828125, -0.541656494140625, -0.9766082763671875, -0.461700439453125, -0.2637939453125, -0.4517364501953125, -1.0001220703125, -0.6440887451171875, -0.1350250244140625, -0.439056396484375, -0.81353759765625, -0.5594635009765625, -0.608734130859375, -0.5349884033203125, -0.517578125, -0.53082275390625, -0.503173828125, -0.5981903076171875, -0.6327972412109375, -0.5531005859375, -0.5897674560546875, -0.5680694580078125, -0.8050994873046875], "x": [0, 0.1071319580078125, 0.1140594482421875, 0.121856689453125, 0.1194305419921875, 0.1176605224609375, 0.1348114013671875, 0.8289642333984375, 0.419830322265625, -0.7188568115234375, -0.7508087158203125, -1.574172973632812, 1.72161865234375, 1.438095092773438, 0.36346435546875, -1.030059814453125, -1.796905517578125, -0.354339599609375, 1.066986083984375, 0.853424072265625, -0.1153411865234375, -0.845489501953125, -0.8884735107421875, 1.316543579101562, 0.9549102783203125, -0.86407470703125, -0.97564697265625, 1.148513793945312, 0.725677490234375, -0.7900848388671875, -1.038543701171875, 1.009979248046875, 0.71856689453125, -0.981231689453125, -0.8079681396484375, 0.5878143310546875, 0.40093994140625, 0.160858154296875, 0.09649658203125, 0.076171875, 0.1258087158203125, 0.0983123779296875, 0.018707275390625, 0.25311279296875, 0.1797637939453125, 0.1299285888671875, 0.1542510986328125, 0.147369384765625], "y": [0, -0.7692413330078125, -0.791778564453125, -0.7839508056640625, -0.7876129150390625, -0.789703369140625, -0.7944183349609375, -1.20294189453125, -0.6989288330078125, -0.1183319091796875, -0.223480224609375, 0.525726318359375, -1.32666015625, -1.280899047851562, -0.5283203125, 0.1866912841796875, 0.524932861328125, -0.1126861572265625, -1.167388916015625, -1.08538818359375, -0.612091064453125, -0.291961669921875, -0.0287322998046875, -1.34857177734375, -1.19537353515625, -0.2962493896484375, 0.0837860107421875, -0.966522216796875, -1.174697875976562, -0.33465576171875, 0.0853424072265625, -0.8300628662109375, -1.174102783203125, -0.30023193359375, -0.101165771484375, -0.77569580078125, -1.015823364257812, -0.877960205078125, -0.800018310546875, -0.8042449951171875, -0.8626708984375, -0.8257293701171875, -0.72210693359375, -0.8314056396484375, -0.8064117431640625, -0.78564453125, -0.821044921875, -0.7785491943359375], "user": ["Defaut user"]}