{"z": [0, -0.6668853759765625, -0.6574249267578125, -0.665130615234375, -0.7090606689453125, -0.6857147216796875, -0.75714111328125, -0.7387847900390625, -0.4501800537109375, -0.3936614990234375, -0.4546966552734375, -0.781585693359375, -0.8458251953125, -0.5206146240234375, -0.1327056884765625, -0.2965545654296875, -0.1551666259765625, -0.5624847412109375, -0.7517242431640625, -0.42236328125, -0.2953948974609375, -0.1888580322265625, -0.5149993896484375, -0.921875, -0.9384765625, -0.123382568359375, -0.2433624267578125, -0.7822418212890625, -0.5476837158203125, -0.5746002197265625, -0.3986053466796875, -0.3423919677734375, -0.4690399169921875, -0.5758056640625, -0.5129547119140625, -0.5454864501953125, -0.5612335205078125, -0.547210693359375, -0.55450439453125, -0.526824951171875], "x": [0, 0.1529541015625, 0.1485137939453125, 0.163665771484375, 0.18389892578125, 0.18572998046875, 0.328582763671875, 0.3087615966796875, 0.1793365478515625, -0.1296234130859375, -0.5771636962890625, -1.035751342773438, 0.4371185302734375, 0.953826904296875, 0.011505126953125, -0.73223876953125, -1.354415893554688, -0.4812469482421875, 0.5427093505859375, 0.5927581787109375, -0.4414520263671875, -1.015625, -0.698577880859375, 0.4652862548828125, 0.362030029296875, 0.2462158203125, 0.2888946533203125, 0.357452392578125, 0.3155975341796875, 0.2194061279296875, 0.1085205078125, 0.1199493408203125, 0.1771697998046875, 0.1652679443359375, 0.14105224609375, 0.1482696533203125, 0.162261962890625, 0.143157958984375, 0.1402740478515625, 0.134033203125], "y": [0, -0.730712890625, -0.7258758544921875, -0.724609375, -0.73272705078125, -0.7391357421875, -0.811859130859375, -0.8312225341796875, -0.9148101806640625, -0.7205657958984375, -0.35906982421875, -0.0223236083984375, -0.6172637939453125, -1.258560180664062, -0.786346435546875, -0.4600677490234375, -0.1209564208984375, -0.3685760498046875, -1.078399658203125, -1.128677368164062, -0.56793212890625, -0.263519287109375, -0.3161163330078125, -0.8247833251953125, -0.8760986328125, -0.9474945068359375, -0.8294830322265625, -0.7722320556640625, -0.8498992919921875, -0.8397064208984375, -0.8448333740234375, -0.848419189453125, -0.8476715087890625, -0.8258819580078125, -0.83172607421875, -0.8203887939453125, -0.82373046875, -0.8196563720703125, -0.81353759765625, -0.825592041015625], "user": ["Defaut user"]}